N,Threads,SeqNaiveMs,OmpNaiveMs,AvxNaiveMs,AvxOmpNaiveMs,BvhLookupMs
10000000,1,9.479,9.84264,10.319640000000001,9.13068,0.0071
10000000,2,10.12384,6.7193,10.46292,6.049860000000001,0.01116
10000000,4,9.61444,5.62564,10.025,4.231679999999999,0.00988
10000000,8,9.78126,6.62612,10.002399999999998,5.059099999999999,0.00906
10000000,12,9.83302,8.21078,10.1223,6.22628,0.01076
10000000,16,9.5599,9.06956,10.147659999999998,6.88882,0.006279999999999999
