N,Threads,SeqBuildMs,ParBuildMs,BuildSpeedup
10000000,1,7203.639467,7203.639467,1.0
10000000,2,6611.895333,6611.895333,1.0
10000000,4,6880.573933,6880.573933,1.0
10000000,8,7358.221167,7358.221167,1.0
10000000,12,6998.1027,6998.1027,1.0
10000000,16,6409.922633,6409.922633,1.0
