N,M,Threads,SeqNaiveMs,OmpNaiveMs,SeqBvhMs,OmpBvhMs
100000,100000,1,7863.149933333333,7838.226299999999,34.31446666666667,32.9552
100000,100000,2,7758.674766666666,4153.9573666666665,33.31903333333333,15.785233333333332
100000,100000,4,7585.868866666667,2520.1954,37.7673,8.957133333333333
100000,100000,8,8190.884866666667,1759.1939000000002,43.025266666666674,4.8799
100000,100000,12,8588.152566666666,1893.0896666666667,57.04576666666667,4.185133333333334
100000,100000,16,9295.583133333334,1792.4350666666667,57.88053333333334,3.9790333333333336
